img_url	title	year	kind	KMRB	genre	country	cast	director	runtime(min)	provider
별에서_온_그대_MyLoveFromtheStar.jpg	별에서 온 그대(My Love From the Star)	2013	TV	15세이상관람가	['드라마', '코미디', '판타지', 'SF']	['한국']	['전지현', '김수현', '박해진', '유인나', '신성록', '나영희', '엄효섭']	['장태유']		['넷플릭스', '웨이브', '티빙', '왓챠', '쿠팡플레이', 'seezn']
슈렉_2_Shrek2.jpg	슈렉 2(Shrek 2)	2004	movie	전체관람가	['코미디', '가족', '판타지', '애니메이션']	['미국']	['마이크 마이어스 ', '에디 머피 ', '카메론 디아즈 ', '줄리 앤드류스', '안토니오 반데라스']	['켈리 애스버리', '앤드류 아담슨', '콘래드 버논']	92	['넷플릭스', '웨이브']
결혼_이야기_MarriageStory.jpg	결혼 이야기(Marriage Story)	2019	movie	15세이상관람가	['드라마']	['미국']	['스칼릿 조핸슨', '아담 드라이버 ', '로라 던', '알란 알다', '레이 리오타', '아지 로버트슨', '줄리 하거티']	['노아 바움백']	135	['넷플릭스']
엑스맨_XMen.jpg	엑스맨(X-Men)	2000	movie	12세이상관람가	['액션', 'SF']	['미국']	['패트릭 스튜어트', '휴 잭맨 ', '이안 맥켈런', '할리 베리', '팜케 얀센 ', '제임스 마스던', '브루스 데이비슨']	['브라이언 싱어']	97	['디즈니+']
헤이트풀8_TheHatefulEight.jpg	헤이트풀8(The Hateful Eight)	2015	movie	청소년관람불가	['액션', '스릴러', '서부극(웨스턴)']	['미국']	['사무엘 L. 잭슨', '커트 러셀', '제니퍼 제이슨 리', '월튼 고긴스', '데미안 비쉬어', '팀 로스', '마이클 매드슨']	['쿠엔틴 타란티노']	168	['넷플릭스', '티빙', '왓챠', 'seezn']
호빗__스마우그의_폐허_TheHobbitTheDesolationofSmaug.jpg	호빗 : 스마우그의 폐허(The Hobbit: The Desolation of Smaug)	2013	movie	12세이상관람가	['드라마', '어드벤처(모험)', '판타지']	['미국', '뉴질랜드']	['마틴 프리먼 ', '이안 맥켈런', '리처드 아미티지', '케이트 블란쳇 ', '올랜도 블룸 ', '크리스토퍼 리 ', '앤디 서키스']	['피터 잭슨']	161	['웨이브', '티빙', '왓챠', '쿠팡플레이']
퓨리_Fury.jpg	퓨리(Fury)	2014	movie	15세이상관람가	['드라마', '액션', '전쟁']	['미국', '영국', '중국']	['브래드 피트 ', '로건 레먼', '샤이아 라보프 ', '마이클 페나 ', '존 번탈', '스콧 이스트우드 ', '자비에르 사무엘 ']	['데이비드 에이어']	134	['넷플릭스', '왓챠', '쿠팡플레이']
대부_2_TheGodfatherPart.jpg	대부 2(The Godfather Part Ⅱ)	1974	movie	청소년관람불가	['드라마', '범죄']	['미국']	['알 파치노', '로버트 듀발', '다이안 키튼', '로버트 드 니로', '존 카제일', '탈리아 샤이어', '리 스트라스버그']	['프란시스 포드 코폴라']	200	['왓챠']
스타워즈_에피소드_4__새로운_희망_StarWarsEpisodeIvANewHope.jpg	스타워즈 에피소드 4 - 새로운 희망(Star Wars : Episode Iv - A New Hope)	1977	movie	전체관람가	['액션', '어드벤처(모험)', '판타지', 'SF']	['미국']	['마크 해밀 ', '해리슨 포드 ', '캐리 피셔', '피터 커싱', '알렉 기네스']	['조지 루카스']	121	['디즈니+']
바람계곡의_나우시카_NausicaaOfTheValleyOfTheWinds.jpg	바람계곡의 나우시카(Nausicaa Of The Valley Of The Winds)	1984	movie	전체관람가	['SF', '애니메이션']	['일본']	['시마모토 스미', '츠지무라 마히토', '쿄다 히사코', '나야 고로', '나가이 이치로', '미야우치 코헤이', '야나미 조지']	['미야자키 하야오']	116	['넷플릭스']
킹스_스피치_TheKingsSpeech.jpg	킹스 스피치(The King's Speech)	2010	movie	12세이상관람가	['드라마']	['영국', '호주']	['콜린 퍼스', '제프리 러쉬', '헬레나 본햄 카터 ', '가이 피어스', '제니퍼 엘', '마이클 갬본', '데릭 제이코비']	['톰 후퍼']	118	['티빙', 'seezn']
복수는_나의_것_SympathyForMrVengeance.jpg	복수는 나의 것(Sympathy For Mr. Vengeance)	2002	movie	청소년관람불가	['스릴러', '범죄']	['한국']	['송강호', '신하균', '배두나', '임지은', '한보배', '이대연', '기주봉']	['박찬욱']	120	['넷플릭스', '티빙', '왓챠', '쿠팡플레이']
패딩턴_2_Paddington2.jpg	패딩턴 2(Paddington 2)	2017	movie	전체관람가	['드라마', '코미디']	['영국', '프랑스']	['샐리 호킨스', '줄리 월터스', '벤 위쇼', '휴 보네빌', '휴 그랜트', '사무엘 조슬린', '매들린 해리스']	['폴 킹']	104	['넷플릭스', '웨이브', '티빙 (더빙)', '티빙 (자막)', '왓챠']
스타_트렉_더_비기닝_StarTrek.jpg	스타 트렉: 더 비기닝(Star Trek)	2009	movie	12세이상관람가	['액션', 'SF']	['미국']	['크리스 파인', '재커리 퀸토', '에릭 바나 ', '사이먼 페그', '위노나 라이더', '칼 어번', '존 조']	['J.J. 에이브럼스']	126	['넷플릭스', '티빙', '왓챠', '아마존 프라임 비디오']
스타트렉_다크니스_StarTrekIntoDarkness.jpg	스타트렉 다크니스(Star Trek Into Darkness)	2013	movie	12세이상관람가	['액션', '어드벤처(모험)', 'SF']	['미국']	['크리스 파인', '재커리 퀸토', '조 샐다나', '베네딕트 컴버배치 ', '칼 어번', '사이먼 페그', '안톤 옐친 ']	['J.J. 에이브럼스']	132	['티빙', '왓챠', '아마존 프라임 비디오']
가버나움_Capernaum.jpg	가버나움(Capernaum)	2018	movie	15세이상관람가	['드라마']	['프랑스', '레바논']	['자인 알 라피아', '요르다노스 시프로우', '보루와티프 트레저 반콜', '나딘 라바키', '하이타 아이잠', '카우사르 알 하다드', '파디 유세프']	['나딘 라바키']	126	['seezn']
아메리칸_싸이코_AmericanPsycho.jpg	아메리칸 싸이코(American Psycho)	1999	movie	청소년관람불가	['드라마', '스릴러', '공포(호러)', '범죄']	['미국', '캐나다']	['크리스찬 베일 ', '윌렘 대포', '자레드 레토', '조쉬 루카스', '사만다 마티스', '맷 로스', '빌 세이지']	['메리 해론']	101	['왓챠', '쿠팡플레이']
마틸다_Matilda.jpg	마틸다(Matilda)	1996	movie	전체관람가	['드라마', '코미디', '어드벤처(모험)', '가족', '판타지']	['미국']	['마라 윌슨', '대니 드비토', '레아 펄만', '엠베스 데이비츠', '팸 페리스', '폴 루벤스', '트레이시 월터']	['대니 드비토']	97	['넷플릭스']
귀를_기울이면_WhisperOfTheHeart.jpg	귀를 기울이면(Whisper Of The Heart)	1995	movie	전체관람가	['드라마', '멜로/로맨스', '가족', '애니메이션']	['일본']	['혼나 요코', '타카하시 잇세이', '무로이 시게루', '타치바나 타카시', '츠유구치 시게루', '코바야시 케이쥬', '타카야마 미나미']	['곤도 요시후미']	111	['넷플릭스']
특공대_TheATeam.jpg	A-특공대(The A-Team)	2010	movie	15세이상관람가	['액션', '스릴러', '어드벤처(모험)']	['미국']	['리암 니슨', '퀸튼 잭슨', '브래들리 쿠퍼', '샬토 코플리', '제시카 비엘', '패트릭 윌슨', '존 햄']	['조 카나한']	119	['디즈니+']
보이스_시즌_1_Voice.jpg	보이스 시즌 1(Voice)	2017	TV	15세이상관람가	['액션', '스릴러', '범죄']	['한국']	['이하나', '장혁', '백성현', '예성', '손은서', '김재욱', '권재환']	['김홍선']		['넷플릭스', '티빙']
씬_시티_SinCity.jpg	씬 시티(Sin City)	2005	movie	청소년관람불가	['드라마', '액션', '스릴러', '범죄']	['미국']	['브루스 윌리스', '미키 루크 ', '제시카 알바', '클라이브 오웬', '닉 스탈 ']	['프랭크 밀러', '로버트 로드리게즈', '쿠엔틴 타란티노']	125	['웨이브', '티빙', '왓챠']
패딩턴_Paddington.jpg	패딩턴(Paddington)	2014	movie	전체관람가	['코미디', '어드벤처(모험)', '가족']	['영국', '캐나다', '프랑스']	['벤 위쇼', '매들린 해리스', '줄리 월터스', '니콜 키드먼', '휴 보네빌', '샐리 호킨스', '사무엘 조슬린']	['폴 킹']	95	['넷플릭스', '웨이브', '티빙 (더빙)', '티빙 (자막)', '왓챠', 'seezn (자막)', 'seezn (더빙)']
새벽의_저주_DawnOfTheDead.jpg	새벽의 저주(Dawn Of The Dead)	2004	movie	청소년관람불가	['드라마', '액션', '스릴러', '공포(호러)']	['미국', '일본', '캐나다', '프랑스']	['사라 폴리', '빙 라메스 ', '제이크 웨버', '타이 버렐', '메키 파이퍼', '마이클 켈리', '케빈 지거스 ']	['잭 스나이더']	100	['넷플릭스', '웨이브', '왓챠']
족구왕_TheKingofJokgu.jpg	족구왕(The King of Jokgu)	2013	movie	15세이상관람가	['드라마', '코미디', '멜로/로맨스']	['한국']	['안재홍', '정우식', '강봉성', '황승언', '황미영']	['우문기']	104	['웨이브']
레볼루셔너리_로드_RevolutionaryRoad.jpg	레볼루셔너리 로드(Revolutionary Road)	2008	movie	청소년관람불가	['드라마']	['미국', '영국']	['레오나르도 디카프리오 ', '케이트 윈슬렛', '캐시 베이츠', '마이클 섀넌', '캐서린 한 ', '데이빗 하버 ', '딜란 베이커 ']	['샘 멘데스']	118	['웨이브', '왓챠']
밤쉘_세상을_바꾼_폭탄선언_Bombshell.jpg	밤쉘: 세상을 바꾼 폭탄선언(Bombshell)	2019	movie	15세이상관람가	['드라마']	['미국', '캐나다']	['샤를리즈 테론', '니콜 키드먼', '마고 로비', '존 리스고', '케이트 맥키넌', '앨리슨 제니', '말콤 맥도웰 ']	['제이 로치']	108	['넷플릭스', '티빙', '왓챠', '쿠팡플레이']
시월애_IlMare.jpg	시월애(Il Mare)	2000	movie	12세이상관람가	['드라마', '멜로/로맨스', '판타지']	['한국']	['이정재', '전지현']	['이현승']	91	['넷플릭스', '웨이브', '쿠팡플레이']
파고_Fargo.jpg	파고(Fargo)	1996	movie	청소년관람불가	['드라마', '스릴러', '범죄']	['미국']	['프란시스 맥도맨드', '윌리암 H. 머시', '스티브 부세미 ', '하브 프레스넬', '피터 스토메어', '크리스틴 러드러드']	['조엘 코엔', '에단 코엔']	98	['웨이브', '왓챠']
사랑의_블랙홀_GroundhogDay.jpg	사랑의 블랙홀(Groundhog Day)	1993	movie	15세이상관람가	['코미디', '멜로/로맨스', '판타지']	['미국']	['빌 머레이', '앤디 맥도웰', '크리스 엘리엇', '스티븐 토보로스키', '브라이언 도일 머레이']	['해롤드 래미스']	101	['웨이브', '왓챠']
휴고_HUGO.jpg	휴고(HUGO)	2011	movie	전체관람가	['드라마', '미스터리', '어드벤처(모험)', '가족', '판타지']	['미국']	['에이사 버터필드 ', '클로이 모레츠', '벤 킹슬리', '사챠 바론 코헨 ', '주드 로 ', '에밀리 모티머', '크리스토퍼 리 ']	['마틴 스코세이지']	126	['웨이브', '티빙', '왓챠']
첨밀밀_ComradesAlmostALoveStory.jpg	첨밀밀(Comrades: Almost A Love Story)	1996	movie	15세이상관람가	['드라마', '멜로/로맨스']	['홍콩']	['여명', '장만옥', '증지위', '크리스토퍼 도일', '아이린 수', '양공여', '장동조']	['진가신']	118	['넷플릭스', '왓챠']
너의_목소리가_들려_.jpg	너의 목소리가 들려()	2013	TV	15세이상관람가	['드라마']	['한국']	['이보영', '이종석', '윤상현', '이다희', '김해숙', '정웅인', '윤주상']	['조수원']		['웨이브', '왓챠', '쿠팡플레이']
고백부부_GoBack.jpg	고백부부(Go Back 夫婦)	2017	TV	15세이상관람가	['멜로/로맨스', '판타지']	['한국']	['장나라', '손호준', '허정민', '한보름', '장기용', '고보결', '이이경']	['하병훈']		['웨이브', '왓챠', '쿠팡플레이']
리플리_TheTalentedMrRipley.jpg	리플리(The Talented Mr.Ripley)	1999	movie	청소년관람불가	['스릴러', '범죄']	['미국']	['맷 데이먼', '기네스 팰트로', '주드 로 ', '케이트 블란쳇 ', '필립 세이모어 호프만 ', '잭 데이븐포트', '제임스 레브혼']	['안소니 밍겔라']	137	['넷플릭스', '티빙', '왓챠']
뱀파이어와의_인터뷰_InterviewWithTheVampireTheVampireChronicles.jpg	뱀파이어와의 인터뷰(Interview With The Vampire: The Vampire Chronicles)	1994	movie	청소년관람불가	['드라마', '공포(호러)']	['미국']	['톰 크루즈', '브래드 피트 ', '안토니오 반데라스', '스티븐 레아 ', '크리스찬 슬레이터', '커스틴 던스트', '도미지아나 지오다노']	['닐 조단']	123	['웨이브', '티빙']
러시_아워_RushHour.jpg	러시 아워(Rush Hour)	1998	movie	15세이상관람가	['코미디', '액션', '스릴러']	['미국']	['성룡', '크리스 터커', '톰 윌킨슨', '필립 베이커 홀', '마크 롤스톤', '티지 마', '크리스 펜']	['브렛 래트너']	95	['티빙', '쿠팡플레이']
아기공룡_둘리얼음별_대모험_TheAdventureOfIcePlanet.jpg	아기공룡 둘리-얼음별 대모험(The Adventure Of Ice Planet)	1996	movie	전체관람가	['코미디', '어드벤처(모험)', '가족', '애니메이션', '뮤지컬']	['한국']	['박영남', '이인성']	['김수정', '임경원']	80	['왓챠', '라프텔']
질투의_화신_DontDareToDream.jpg	질투의 화신(Don't Dare To Dream)	2016	TV	15세이상관람가	['드라마', '코미디', '멜로/로맨스']	['한국']	['조정석', '공효진', '고경표', '서지혜', '이미숙', '박지영', '이성재']	['박신우']		['웨이브', '왓챠', '쿠팡플레이']
101마리의_달마시안_개_OneHundredAndOneDalmatians.jpg	101마리의 달마시안 개(One Hundred And One Dalmatians)	1961	movie	전체관람가	['어드벤처(모험)', '가족', '애니메이션']	['미국']	['베티 루 거슨', '마사 웬트워스', '벤 라이트', '케이트 바우어', '데이빗 프랭크햄']	['클라이드 제로니미', '해밀턴 러스크', '볼프강 라이터만']	79	['디즈니+']
_퐁당퐁당__SplashSplashLove.jpg	 퐁당퐁당 LOVE(Splash Splash Love)	2015	TV	15세이상관람가	['드라마', '멜로/로맨스', '판타지']	['한국']	['김슬기', '윤두준', '진기주', '안효섭']	['김지현']		['웨이브', '왓챠']
더_리더_책_읽어주는_남자_TheReader.jpg	더 리더: 책 읽어주는 남자(The Reader)	2008	movie	청소년관람불가	['드라마', '멜로/로맨스', '범죄', '전쟁']	['미국', '독일']	['케이트 윈슬렛', '랄프 파인즈', '데이빗 크로스', '제넷 하인', '한나 헤르츠스프룽 ', '맥스 마우프 ', '수잔느 로터']	['스티븐 달드리']	123	['웨이브', '티빙', '왓챠']
아키라_Akira.jpg	아키라(Akira)	1988	movie	15세이상관람가	['SF', '애니메이션']	['일본']	['이와타 미츠오', '사사키 노조무', '코야마 마미', '겐다 테쇼', '오오타케 히로시', '키타무라 코이치', '이케미즈 미치히로']	['오토모 가츠히로']	124	['라프텔']
하늘을_걷는_남자_TheWalk.jpg	하늘을 걷는 남자(The Walk)	2015	movie	12세이상관람가	['드라마']	['미국']	['조셉 고든 레빗', '제임스 뱃지 데일 ', '벤 슈와츠', '벤 킹슬리', '스티브 발렌타인', '샬롯 르 본 ', '세르지오 디 지오']	['로버트 저메키스']	123	['넷플릭스']
신데렐라_Cinderella.jpg	신데렐라(Cinderella)	1950	movie	전체관람가	['판타지', '애니메이션']	['미국']	['아이린 우즈', '엘레너 오들리', '베라 펠톤', '헬렌 스탠리', '루이스 밴 루튼']	['윌프레드 잭슨', '해밀턴 러스크', '클라이드 제로니미']	74	['디즈니+']
카사블랑카_Casablanca.jpg	카사블랑카(Casablanca)	1942	movie	12세이상관람가	['드라마', '멜로/로맨스']	['미국']	['험프리 보가트 ', '잉그리드 버그만 ', '폴 헌레이드 ', '클로드 레인스 ', '콘라드 베이트', '시드니 그린스트리트', '피터 로어 ']	['마이클 커티즈']	102	['웨이브']
바르다가_사랑한_얼굴들_FacesPlaces.jpg	바르다가 사랑한 얼굴들(Faces Places)	2017	movie	전체관람가	['다큐멘터리']	['프랑스']	['아녜스 바르다', '제이알']	['아녜스 바르다', '제이알']	94	['넷플릭스']
굿_플레이스_시즌_3_TheGoodPlace.jpg	굿 플레이스 시즌 3(The Good Place)	2018	TV	청소년관람불가	['드라마', '코미디', '판타지']	['미국']	['크리스틴 벨', '테드 댄슨', '윌리엄 잭슨 하퍼', '자밀라 자밀']	['마이클 슈어']		['넷플릭스']
우리도_사랑일까_TakeThisWaltz.jpg	우리도 사랑일까(Take This Waltz)	2011	movie	청소년관람불가	['드라마', '코미디']	['캐나다']	['미셸 윌리엄스', '세스 로건 ', '루크 커비', '라울 바네자', '맷 바램', '다니엘 밀러', '다이안 다퀼라']	['사라 폴리']	116	['넷플릭스', '웨이브', '티빙', '왓챠', '쿠팡플레이']
캡틴_필립스_CaptainPhillips.jpg	캡틴 필립스(Captain Phillips)	2013	movie	15세이상관람가	['드라마']	['미국']	['톰 행크스', '바크하드 압디', '바크하드 압디라만', '파이살 아메드', '마핫 M. 알리', '캐서린 키너 ', '크리스 멀키']	['폴 그린그래스']	134	['왓챠', 'seezn']
5050_5050.jpg	50/50(50/50)	2011	movie	15세이상관람가	['드라마', '코미디']	['미국']	['조셉 고든 레빗', '세스 로건 ', '브라이스 달라스 하워드', '안젤리카 휴스턴 ', '줄리아 벤슨', '베아트리스 일그', '로렌 밀러']	['조나단 레빈']	100	['왓챠']
모던_패밀리_시즌_1_ModernFamily.jpg	모던 패밀리 시즌 1(Modern Family)	2009	TV	15세이상관람가	['드라마', '코미디']	['미국']	['에드 오닐 ', '소피아 베르가라', '줄리 보웬', '타이 버렐', '제시 테일러 퍼거슨', '에릭 스톤스트릿', '리코 로드리게스']	['게일 맨쿠소']		['넷플릭스', '디즈니+']
브레이킹_배드_시즌_2_BreakingBad2.jpg	브레이킹 배드 시즌 2(Breaking Bad 2)	2009	TV	청소년관람불가	['드라마', '범죄']	['미국']	[]	['브라이언 크랜스톤 ', '피터 메닥', '존 달', '아담 번스타인', '요한 렌크', '찰스 헤이드', '테리 맥도너프', '펠릭스 엔리퀘즈 알카라']		['넷플릭스']
패밀리_맨_TheFamilyMan.jpg	패밀리 맨(The Family Man)	2000	movie	15세이상관람가	['드라마', '코미디', '가족', '판타지']	['미국']	['니콜라스 케이지', '티아 레오니', '제레미 피번', '조세프 소머', '사울 루비넥', '돈 치들']	['브렛 래트너']	124	['넷플릭스', '웨이브', '티빙', '왓챠', '쿠팡플레이']
리틀_포레스트_사계절_LittleForestFourSeasons.jpg	리틀 포레스트: 사계절(Little Forest: Four Seasons)	2017	movie	12세이상관람가	['드라마']	['일본']	['하시모토 아이', '마츠오카 마유 ', '미우라 타카히로', '키리시마 카렌']	['모리 준이치']	138	['seezn']
구르미_그린_달빛_LoveintheMoonlight.jpg	구르미 그린 달빛(Love in the Moonlight)	2016	TV	15세이상관람가	['멜로/로맨스']	['한국']	['박보검', '김유정', '진영', '채수빈', '곽동연']	['김성윤', '백상훈']		['웨이브', '왓챠', '쿠팡플레이']
브레이킹_배드_시즌_3_BreakingBad3.jpg	브레이킹 배드 시즌 3(Breaking Bad 3)	2010	TV	청소년관람불가	['드라마', '범죄']	['미국']	[]	['브라이언 크랜스톤 ', '라이언 존슨', '아담 번스타인', '요한 렌크', '마이클 슬로비스', '콜린 벅시', '스콧 위넌트', '존 시반']		['넷플릭스']
플래툰_Platoon.jpg	플래툰(Platoon)	1986	movie	15세이상관람가	['드라마', '전쟁']	['미국']	['찰리 쉰', '톰 베린저 ', '윌렘 대포', '포레스트 휘태커', '로지 존슨', '마크 모세스', '크리스 페덜슨']	['올리버 스톤']	120	['웨이브', '티빙', '왓챠']
마지막_황제_TheLastEmperor.jpg	마지막 황제(The Last Emperor)	1987	movie	12세이상관람가	['드라마', '서사']	['미국', '영국', '프랑스', '이탈리아']	['존 론', '조안 첸', '피터 오툴', '잉 루오쳉', '류이치 사카모토']	['베르나르도 베르톨루치']	162	['왓챠']
넘버_3_No3.jpg	넘버 3(No. 3)	1997	movie	청소년관람불가	['코미디', '액션', '범죄']	['한국']	['한석규', '최민식', '이미연', '안석환', '박광정', '방은희', '송강호']	['송능한']	104	['넷플릭스', '티빙', '쿠팡플레이']
사일런스_Silence.jpg	사일런스(Silence)	2016	movie	15세이상관람가	['드라마']	['미국', '멕시코', '대만']	['앤드류 가필드', '리암 니슨', '아담 드라이버 ', '아사노 타다노부  ', '시아란 힌즈', '이세이 오가타', '고마츠 나나']	['마틴 스코세이지']	159	['넷플릭스', '티빙', '왓챠', '쿠팡플레이']
나인_아홉_번의_시간여행_NineTimesTimeTravel.jpg	나인: 아홉 번의 시간여행(Nine-Times Time Travel)	2013	TV	15세이상관람가	['드라마']	['한국']	['이진욱', '조윤희', '전노민', '서우진', '김희령', '전국환', '정동환']	['김병수']		['티빙']
피아노_ThePiano.jpg	피아노(The Piano)	1993	movie	청소년관람불가	['드라마', '멜로/로맨스']	['프랑스', '뉴질랜드', '호주']	['홀리 헌터', '하비 케이틀', '샘 닐', '안나 파킨', '케리 워커', '제네비에브 레몬 ', '턴지아 베이커 ']	['제인 캠피온']	121	['왓챠']
나의_문어_선생님_MyOctopusTeacher.jpg	나의 문어 선생님(My Octopus Teacher)	2020	movie	전체관람가	['다큐멘터리']	['남아프리카공화국']	['크레이그 포스터', '톰 포스터']	['피파 에를리쉬', '제임스 리드 ']	85	['넷플릭스']
테이크_쉘터_Takeshelter.jpg	테이크 쉘터(Take shelter)	2011	movie	15세이상관람가	['드라마']	['미국']	['마이클 섀넌', '제시카 차스테인', '토바 스튜어트', '쉐어 위햄', '케시 베이커 ', '레이 맥키넌', '케이티 믹슨 ']	['제프 니콜스']	120	['왓챠']
프렌즈_시즌_8_Friends.jpg	프렌즈 시즌 8(Friends)	2001	TV	15세이상관람가	['드라마', '코미디', '멜로/로맨스']	['미국']	['제니퍼 애니스톤', '커트니 콕스', '리사 쿠드로 ', '데이빗 쉼머', '매튜 페리', '맷 르블랑']	['데이비드 크레인', '마타 카우프먼']		['넷플릭스']
그레이_아나토미_시즌_1_GreysAnatomy.jpg	그레이 아나토미 시즌 1(Grey's Anatomy)	2005	TV	15세이상관람가	['드라마', '멜로/로맨스']	['미국']	['엘렌 폼페오', '산드라 오', '캐서린 헤이글', '패트릭 뎀시', '저스틴 챔버스', '챈드라 윌슨', '제임스 픽켄스 주니어']	['숀다 라임스']		['넷플릭스', '디즈니+']
에반게리온_파_Evangelion20YouCanNotAdvance.jpg	에반게리온: 파(Evangelion 2.0: You Can (Not) Advance)	2008	movie	12세이상관람가	['드라마', '액션', 'SF', '애니메이션']	['일본']	['오가타 메구미', '하야시바라 메구미', '미야무라 유코', '사카모토 마아야', '미츠이시 코토노']	['안노 히데아키', '츠루마키 카즈야', '마사유키']	108	['아마존 프라임 비디오']
네고시에이터_TheNegotiator.jpg	네고시에이터(The Negotiator)	1998	movie	15세이상관람가	['드라마', '액션', '스릴러', '미스터리', '범죄']	['미국', '독일']	['사무엘 L. 잭슨', '케빈 스페이시', '데이빗 모스 ', '론 리프킨', 'J.T. 월쉬', '존 스펜서']	['F. 게리 그레이']	139	['티빙', '왓챠', '쿠팡플레이', '아마존 프라임 비디오']
지정_생존자_시즌_1_DesignatedSurvivor.jpg	지정 생존자 시즌 1(Designated Survivor)	2016	TV	15세이상관람가	['드라마', '액션', '미스터리']	['미국']	['키퍼 서덜랜드', '나타샤 맥켈혼', '매기 큐 ', '칼 펜', '아단 칸토', '이탈리아 리치', '라모니카 가렛', '태너 뷰캐넌']	[]		['넷플릭스']
프렌즈_시즌_9_Friends.jpg	프렌즈 시즌 9(Friends)	2002	TV	15세이상관람가	['드라마', '코미디', '멜로/로맨스']	['미국']	['제니퍼 애니스톤', '커트니 콕스', '리사 쿠드로 ', '데이빗 쉼머', '매튜 페리', '맷 르블랑']	['데이비드 크레인', '마타 카우프먼']		['넷플릭스']
대탈출_시즌_3_.jpg	대탈출 시즌 3()	2020	TV	15세이상관람가	['예능']	['한국']	['강호동', '김종민', '김동현', '신동', '유병재', '피오']	['정종연']		['티빙']
무스탕_랄리의_여름_Mustang.jpg	무스탕: 랄리의 여름(Mustang)	2015	movie	15세이상관람가	['드라마']	['독일', '프랑스', '터키', '카타르']	['구네스 센소이', '도가 제이넵 도구슬루', '툭바 선구로글루', '일라이다 아크도간', '에릿 이스캔', '에롤 아프신', '니할 G. 콜다스']	['데니즈 겜즈 에르구벤']	97	['넷플릭스', '웨이브', '티빙', '왓챠']
빅뱅이론_시즌_7_TheBigBangTheory.jpg	빅뱅이론 시즌 7(The Big Bang Theory)	2013	TV	15세이상관람가	['코미디', '멜로/로맨스']	['미국']	['자니 갈렉키 ', '짐 파슨스', '칼리 쿠오코', '쿠널 나이어', '사이몬 헬버그', '멜리사 로치']	['척 로리', '빌 프래디']		['왓챠']
세일즈맨_TheSalesman.jpg	세일즈맨(The Salesman)	2016	movie	15세이상관람가	['드라마']	['프랑스', '이란']	['샤하브 호세이니', '타라네 앨리두스티', '바바크 카리미', '미나 사다티', '파리드 사자디 호세이니', '마랄 바니 아담']	['아쉬가르 파라디']	123	['넷플릭스', '티빙', '왓챠']
워킹_데드_시즌_4_TheWalkingDead.jpg	워킹 데드 시즌 4(The Walking Dead)	2013	TV	청소년관람불가	['드라마', '액션', '스릴러', '공포(호러)', 'SF']	['미국']	['스티븐 연 ', '캔들러 릭스', '데이비드 모리시', '채드 콜맨', '앤드류 링컨', '노만 리더스 ']	['프랭크 다라본트']		['넷플릭스', '디즈니+']
열차_안의_낯선_자들_StrangersonaTrain.jpg	열차 안의 낯선 자들(Strangers on a Train)	1951	movie	12세이상관람가	['드라마', '스릴러', '판타지']	['미국']	['팔리 그레인저 ', '루스 로먼 ', '로버트 워커 ', '리오 G. 캐럴 ', '패트리샤 히치콕 ', '케시 로저스 ']	['알프레드 히치콕']	101	['왓챠']
신서유기_NewJourneytotheWest.jpg	신서유기(New Journey to the West)	2015	TV	15세이상관람가	['예능']	['한국']	['강호동', '이승기', '은지원', '이수근']	['나영석', '신효정']		['티빙']
만달로리안_시즌_2_TheMandalorian.jpg	만달로리안 시즌 2(The Mandalorian)	2020	TV	12세이상관람가	['액션', '어드벤처(모험)', 'SF']	['미국']	['페드로 파스칼', '칼 웨더스', '지나 카라노 ', '지안카를로 에스포지토 ']	['존 파브로']		['디즈니+']
404_MIU404.jpg	MIU404(MIU404)	2020	TV		['드라마']	['일본', '미정']	['아야노 고', '호시노 겐', '오카다 켄시', '하시모토 준']	['츠카하라 아유코', '타케무라 켄타로']		['웨이브', '왓챠']
타이페이_스토리_TaipeiStory.jpg	타이페이 스토리(Taipei Story)	1985	movie	15세이상관람가	['드라마']	['대만']	['허우 샤오시엔', '채금', '가일정', '양려음', '진숙방', '뇌덕남', '임수령']	['에드워드 양']	120	['넷플릭스', '웨이브']
하얀거탑_BehindtheWhitePower.jpg	하얀거탑(Behind the White Power)	2007	TV	15세이상관람가	['드라마']	['한국']	['김명민', '이선균', '차인표', '송선미', '김보경', '이정길', '임성언']	['안판석']		['웨이브', '왓챠', '쿠팡플레이']
빅뱅이론_시즌_10_TheBigBangTheory.jpg	빅뱅이론 시즌 10(The Big Bang Theory)	2016	TV	15세이상관람가	['코미디', '멜로/로맨스']	['미국']	['자니 갈렉키 ', '짐 파슨스', '칼리 쿠오코', '사이몬 헬버그', '쿠널 나이어']	['척 로리', '빌 프래디']		['왓챠']
랜섬_Ransom.jpg	랜섬(Ransom)	1996	movie	15세이상관람가	['스릴러', '범죄']	['미국']	['멜 깁슨', '르네 루소 ', '게리 시나이즈', '델로이 린도', '릴리 테일러', '리브 슈라이버', '에반 핸들러']	['론 하워드']	120	['티빙']
로스트_룸_TheLostRoom.jpg	로스트 룸(The Lost Room)	2006	TV	15세이상관람가	['액션', '미스터리', '판타지']	['미국']	['피터 크라우즈', '데니스 크리스토퍼 ', '줄리아나 마굴리스', '에이프릴 그레이스', '피터 제이콥슨']	['크레이그 R. 백슬리', '마이클 왓킨스']		['왓챠']
하이큐_세컨드_시즌_Haikyu.jpg	하이큐!! 세컨드 시즌(Haikyu!!)	2015	TV	15세이상관람가	['애니메이션']	['일본']	[]	['미츠나카 스스무']		['넷플릭스', '웨이브 (자막)', '웨이브 (더빙)', '티빙 (더빙)', '티빙', '왓챠', '라프텔 (자막)', '라프텔 (더빙)']
대장금_JewelinthePalace.jpg	대장금(Jewel in the Palace)	2003	TV	15세이상관람가	['드라마']	['한국']	['이영애', '지진희', '양미경', '홍리나', '견미리', '임호']	['이병훈']		['웨이브', '왓챠']
30살까지_동정이면_마법사가_될_수_있대_.jpg	30살까지 동정이면 마법사가 될 수 있대()	2020	TV	15세이상관람가	['드라마', '코미디', '멜로/로맨스']	['일본']	['아카소 에이지', '마치다 케이타 ', '아사카 코다이', '사토 료']	[]		['왓챠']
밤쉘_BombshellTheHedyLamarrStory.jpg	밤쉘(Bombshell: The Hedy Lamarr Story)	2017	movie	15세이상관람가	['다큐멘터리']	['미국']	['헤디 라머', '다이앤 크루거 ', '피터 보그다노비치', '제닌 베이싱어', '찰스 아믹하니안', '멜 브룩스']	['알렉산드라 딘']	90	['티빙']
그들만의_리그_ALeagueOfTheirOwn.jpg	그들만의 리그(A League Of Their Own)	1992	movie	15세이상관람가	['드라마', '코미디']	['미국']	['톰 행크스', '지나 데이비스', '마돈나 ', '로리 페티', '존 로비츠', '데이빗 스트라탄', '게리 마샬 ']	['페니 마샬']	128	['왓챠']
행복한_사전_TheGreatPassage.jpg	행복한 사전(The Great Passage)	2013	movie	전체관람가	['드라마', '코미디']	['일본']	['마츠다 류헤이', '미야자키 아오이 ', '오다기리 죠', '쿠로키 하루', '와타나베 미사코 ', '이케와키 치즈루', '츠루미 신고']	['이시이 유야']	133	['왓챠']
토이_스토리_공룡_전사들의_도시_ToyStoryThatTimeForgot.jpg	토이 스토리: 공룡 전사들의 도시(Toy Story That Time Forgot)	2014	movie	전체관람가	['어드벤처(모험)', '애니메이션']	['미국']	['톰 행크스', '티모시 달튼 ', '조안 쿠삭', '크리스틴 스칼', '팀 알렌', '케빈 맥키드', '월리스 쇼운']	['스티브 퍼셀']	22	['디즈니+']
이키루_Living.jpg	이키루(Living)	1952	movie	15세이상관람가	['드라마']	['일본']	['시무라 타카시']	['구로사와 아키라']	142	['왓챠']
고독한_미식가_시즌_1_SolitaryGourmet.jpg	고독한 미식가 시즌 1(Solitary Gourmet)	2012	TV		['드라마']	['일본', '미정']	['마츠시게 유타카']	['미조구치 켄지']		['웨이브', '쿠팡플레이']
더_오피스_시즌_2_TheOffice.jpg	더 오피스 시즌 2(The Office)	2006	TV	15세이상관람가	['코미디']	['미국']	['스티브 카렐', '레인 윌슨', '존 크래신스키', '제나 피셔', '비제이 노박']	['릭키 제바이스 ', '스테판 머천트', '그렉 다니엘스']		['왓챠']
가을동화_Autumninmyheart.jpg	가을동화(Autumn in my heart)	2000	TV	15세이상관람가	['드라마', '멜로/로맨스']	['한국']	['송승헌', '송혜교', '한채영', '원빈']	['윤석호']		['웨이브', '왓챠', 'seezn']
그레이_아나토미_시즌_5_GreysAnatomy.jpg	그레이 아나토미 시즌 5(Grey's Anatomy)	2008	TV	15세이상관람가	['드라마', '멜로/로맨스']	['미국']	['엘렌 폼페오', '산드라 오', '캐서린 헤이글', '패트릭 뎀시', '저스틴 챔버스', '챈드라 윌슨', '제임스 픽켄스 주니어']	['숀다 라임스']		['넷플릭스', '디즈니+']
슈츠_시즌_1_Suits.jpg	슈츠 시즌 1(Suits)	2011	TV	15세이상관람가	['드라마', '코미디']	['미국']	['가브리엘 막트', '릭 호프만 ', '세라 래퍼티', '패트릭 J. 아담스 ', '지나 토러스']	['아론 코쉬']		['넷플릭스', '웨이브']
쿠오바디스_아이다_QuoVadisAida.jpg	쿠오바디스, 아이다(Quo Vadis, Aida?)	2020	movie	15세이상관람가	['드라마', '전쟁']	['독일', '폴란드', '프랑스', '노르웨이', '네덜란드', '오스트리아', '루마니아', '터키', '보스니아헤르체고비나']	['야스나 두리치치', '이주딘 바이로빅', '보리스 러']	['야스밀라 즈바니치']	104	['웨이브']
이누야샤_1기_.jpg	이누야샤 1기()	2000	TV	12세이상관람가	['애니메이션']	['일본']	[]	['이케다 마사시', '아오키 야스나오']		['넷플릭스', '웨이브', '티빙', '왓챠', '쿠팡플레이', '라프텔 (더빙)', '라프텔 (자막)']
골_때리는_그녀들_.jpg	골 때리는 그녀들()	2021	TV	15세이상관람가	['예능']	['한국']	['이수근']	[]		['웨이브', 'seezn']
노웨이_아웃_NoWayOut.jpg	노웨이 아웃(No Way Out)	1987	movie	청소년관람불가	['드라마', '스릴러', '미스터리', '범죄']	['미국']	['케빈 코스트너', '진 핵크만', '숀 영', '윌 패튼', '하워드 더프']	['로저 도널드슨']	114	['웨이브']
화니와_알렉산더_FannyAndAlexander.jpg	화니와 알렉산더(Fanny And Alexander)	1982	movie	15세이상관람가	['드라마', '미스터리', '판타지']	['스웨덴']	['페닐라 올윈 ', '베르틸 구베 ']	['잉마르 베히만']	180	['웨이브', '왓챠']
효리네_민박_HyorisBedBreakfast.jpg	효리네 민박(Hyori's Bed & Breakfast)	2017	TV	15세이상관람가	['예능']	['한국']	['이효리', '이상순', '이지은']	['정효민']		['티빙']
신서유기_외전__강식당_3_Kangskitchenseason3.jpg	신서유기 외전 - 강식당 3(Kang's kitchen season 3)	2019	TV	15세이상관람가	['예능']	['한국']	['강호동', '이수근', '은지원', '안재현', '규현', '송민호']	['나영석', '신효정']		['티빙']
덱스터_시즌_3_Dexter.jpg	덱스터 시즌 3(Dexter)	2008	TV	청소년관람불가	['코미디', '범죄']	['미국']	['마이클 C. 홀', '제니퍼 카펜터', '데이빗 제야스', '제임스 레마', '로렌 벨레즈', '데스몬드 헤링턴', '줄리 벤즈']	['제임스 마노스 주니어']		['티빙', '왓챠', '쿠팡플레이']
덱스터_시즌_4_Dexter.jpg	덱스터 시즌 4(Dexter)	2009	TV	청소년관람불가	['코미디', '범죄']	['미국']	['마이클 C. 홀', '제니퍼 카펜터', '데이빗 제야스', '제임스 레마', '로렌 벨레즈', '데스몬드 헤링턴', '줄리 벤즈']	['제임스 마노스 주니어']		['티빙', '왓챠', '쿠팡플레이']
007_위기일발_FromRussiaWithLove.jpg	007 위기일발(From Russia With Love)	1963	movie	15세이상관람가	['액션', '스릴러', '어드벤처(모험)']	['영국']	['숀 코네리', '페드로 아멘다리즈 주니어', '로버트 쇼', '다니엘라 비안키 ']	['테렌스 영']	110	['웨이브', '티빙']
미란다_시즌_3_Miranda.jpg	미란다 시즌 3(Miranda)	2012	TV	15세이상관람가	['코미디']	['영국']	['미란다 하트 ', '패트리샤 호지', '톰 엘리스', '사라 해드랜드', '샐리 필립스 ', '제임스 홈스', '에드리언 스카보로']	['줄리엣 메이']		['웨이브', '티빙', '왓챠']
노멀_피플_NormalPeople.jpg	노멀 피플(Normal People)	2020	TV	청소년관람불가	['드라마']	['아일랜드']	['데이지 에드가 존스', '폴 메스칼', '데스몬드 이스트우드', '아이슬린 맥거킨', '사라 그린']	['레니 에이브러햄슨']		['웨이브']
뉴_걸_시즌_1_NewGirl.jpg	뉴 걸 시즌 1(New Girl)	2011	TV	15세이상관람가	['코미디']	['미국']	['주이 디샤넬', '제이크 존슨 ', '맥스 그린필드', '한나 시모네', '라몬 모리스']	['트렌트 오도넬']		['디즈니+']
007_선더볼_작전_Thunderball.jpg	007 선더볼 작전(Thunderball)	1965	movie	15세이상관람가	['액션', '어드벤처(모험)']	['미국', '영국']	['숀 코네리', '클라우디안 아우거', '아돌포 셀리', '루시아나 팔루치']	['테렌스 영']	129	['웨이브', '티빙']
그것이_알고싶다_.jpg	그것이 알고싶다()	1992	TV	전체관람가	[]	['한국', '시사/교양']	['김상중']	[]		['웨이브', '왓챠']
금수미앙_ThePrincessWeiyoung.jpg	금수미앙(The Princess Weiyoung)	2016	TV	15세이상관람가	['드라마', '멜로/로맨스']	['중국']	['당언', '뤄진 ', '오건호']	[]		['넷플릭스', '티빙']
금심사옥_TheSwordandtheBrocade.jpg	금심사옥(The Sword and the Brocade)	2021	TV		['드라마', '멜로/로맨스']	['중국', '미정']	['담송운', '종한량', '허홍샨', '당효천']	[]		['티빙']
롱_베케이션_LongVacation.jpg	롱 베케이션(Long Vacation)	1996	TV	15세이상관람가	['드라마', '멜로/로맨스']	['일본']	['기무라 타쿠야', '야마구치 토모코', '다케노우치 유타카', '마츠 다카코', '이나모리 이즈미', '료', '히로스에 료코']	['나가야마 코조']		['웨이브', '티빙', '왓챠']
나의_사랑_그리스_WorldsApart.jpg	나의 사랑, 그리스(Worlds Apart)	2015	movie	15세이상관람가	['드라마', '멜로/로맨스']	['그리스']	['J.K. 시몬스 ', '크리스토퍼 파파칼리아티스', '안드레아 오스바트', '마리아 카보이아니', '타우픽 바롬', '니키 바칼리', '미나스 하치사바스']	['크리스토퍼 파파칼리아티스']	114	['웨이브', '티빙', '왓챠']
샐러리맨_초한지_HistoryofaSalaryman.jpg	샐러리맨 초한지(History of a Salaryman)	2012	TV	15세이상관람가	['드라마']	['한국']	['이범수', '정겨운', '정려원', '홍수현', '이덕화', '김일우', '이기영']	['유인식']		['웨이브']
섀도우_헌터스_더_모탈_인스트루먼트_시즌_3_ShadowhuntersTheMortalInstruments.jpg	섀도우 헌터스: 더 모탈 인스트루먼트 시즌 3(Shadowhunters: The Mortal Instruments)	2018	TV	15세이상관람가	['드라마', '액션', '판타지']	['미국']	['캐서린 맥나마라', '도미닉 셔우드', '알베르토 로센데', '매튜 다드다리오', '에메라우데 투비아']	['에드 덱터']		['넷플릭스']
꽃보다_청춘_아프리카_YouthOverFlowersinAfrica.jpg	꽃보다 청춘 아프리카(Youth Over Flowers in Africa)	2016	TV	15세이상관람가	['예능']	[]	['안재홍', '고경표', '류준열', '박보검']	['나영석']		['티빙']
알아두면_쓸데없는_신비한_잡학사전_3_Trivia3.jpg	알아두면 쓸데없는 신비한 잡학사전 3(Trivia 3)	2018	TV	15세이상관람가	['예능']	['한국']	['유희열', '유시민', '김영하', '김진애', '김상욱']	['나영석', '양정우']		['티빙']
미세스_아메리카_MrsAmerica.jpg	미세스 아메리카(Mrs. America)	2020	TV	15세이상관람가	['드라마']	['미국']	['케이트 블란쳇 ', '로즈 번 ', '우조 압두바 ']	['애너 보든', '라이언 플렉', '엠마 아산테', '로르 드 클레르몽-토네르', '자니크자 브라보']		['디즈니+']
사이코패스_1기_PSYCHOPASS.jpg	사이코패스 1기(PSYCHO-PASS)	2012	TV	청소년관람불가	['애니메이션']	['일본']	[]	['시오타니 나오요시']		['웨이브', '웨이브', '라프텔', '라프텔']
패싱_Passing.jpg	패싱(Passing)	2021	movie	15세이상관람가	['드라마']	['미국']	['테사 톰슨', '루스 네가', '안드레 홀랜드', '알렉산더 스카스가드', '빌 캠프']	['레베카 홀']	99	['넷플릭스']
인터넷으로_마약을_파는_법_시즌_1_HowtoSellDrugsOnlineFast.jpg	인터넷으로 마약을 파는 법 시즌 1(How to Sell Drugs Online (Fast))	2019	TV	청소년관람불가	['드라마', '코미디', '범죄']	['독일']	['막시밀리안 문트', '다닐로 캄베르', '레나 클렝케']	['필립 카스보러', '마티아스 머먼']		['넷플릭스']
나루토_1기_Naruto.jpg	나루토 1기(Naruto)	2002	TV	12세이상관람가	['애니메이션']	['일본']	[]	['다테 하야토']		['라프텔']
퍼슨_오브_인터레스트_시즌_1_PersonofInterest.jpg	퍼슨 오브 인터레스트 시즌 1(Person of Interest)	2011	TV	15세이상관람가	['드라마', '액션', '범죄']	['미국']	['짐 커비즐', '케빈 채프만', '마이클 에머슨', '타라지 P. 헨슨', '알 사피엔자']	['리처드 J. 루이스', '프레드 토이', '제프리 G. 헌트']		['웨이브', '왓챠']
꽃보다_남자_시즌_1_.jpg	꽃보다 남자 시즌 1()	2005	TV	15세이상관람가	['드라마', '멜로/로맨스']	['일본']	['이노우에 마오', '마츠모토 준', '오구리 슌', '마츠다 쇼타', '아베 츠요시']	[]		['웨이브', '티빙', '왓챠']
더_오피스_시즌_9_TheOffice.jpg	더 오피스 시즌 9(The Office)	2013	TV	15세이상관람가	['코미디']	['미국']	['스티브 카렐', '레인 윌슨', '존 크래신스키', '제나 피셔', '비제이 노박']	['릭키 제바이스 ', '스테판 머천트', '그렉 다니엘스']		['왓챠']
명탐정_코난_14기_.jpg	명탐정 코난 14기()	2014	TV	15세이상관람가	['애니메이션']	['일본']	[]	['코다마 켄지', '사토 마사토', '오치 코진', '야마모토 야스이치로', '카마나카 노부하루']		['웨이브', '티빙 (더빙)', '티빙', '왓챠', '라프텔 (자막)', '라프텔', '라프텔 (더빙)']
옴_샨티_옴_OmShantiOm.jpg	옴 샨티 옴(Om Shanti Om)	2007	movie	15세이상관람가	['드라마', '코미디', '액션', '멜로/로맨스']	['인도']	['샤룩 칸', '디피카 파두콘', '아르준 람팔', '키론 커', '빈두', '사티시 샤']	['파라 칸']	137	['넷플릭스', '티빙', '왓챠']
미국_수정헌법_제13조_13th.jpg	미국 수정헌법 제13조(13th)	2016	movie	15세이상관람가	['범죄', '다큐멘터리']	['미국']	[]	['에바 두버네이']	99	['넷플릭스']
부에노스_아이레스_제로_디그리_BuenosAiresZeroDegree.jpg	부에노스 아이레스 제로 디그리(Buenos Aires Zero Degree)	2000	movie		['다큐멘터리']	['홍콩', '미정']	[]	['관풍령']	58	['웨이브', '티빙', '왓챠']
렛_힘_고_LetHimGo.jpg	렛 힘 고(Let Him Go)	2020	movie	15세이상관람가	['드라마', '스릴러', '범죄']	['미국']	['케빈 코스트너', '다이안 레인 ', '케일리 카터', '레슬리 맨빌', '제프리 도노반', '윌 브리테인', '부부 스튜어트']	['토마스 베주차']	114	['넷플릭스']
바케모노가타리_.jpg	바케모노가타리()	2009	TV	청소년관람불가	['애니메이션']	['일본']	[]	['신보 아키유키']		['넷플릭스', '웨이브', '티빙', '왓챠', '라프텔']
인턴십_TheInternship.jpg	인턴십(The Internship)	2013	movie	15세이상관람가	['코미디']	['미국']	['오웬 윌슨', '빈스 본', '로즈 번 ', '딜런 오브라이언 ', '아시프 맨드비 ', '맥스 밍겔라']	['숀 레비']	119	['티빙', '왓챠', '아마존 프라임 비디오']
스펙타큘라_나우_TheSpectacularNow.jpg	스펙타큘라 나우(The Spectacular Now)	2013	movie	청소년관람불가	['드라마', '코미디', '멜로/로맨스']	['미국']	['쉐일린 우들리', '메리 엘리자베스 윈스티드', '마일즈 텔러', '브리 라슨']	['제임스 폰솔트']	95	['디즈니+']
발몽_Valmont.jpg	발몽(Valmont)	1989	movie	청소년관람불가	['드라마', '멜로/로맨스']	['미국', '프랑스']	['콜린 퍼스', '아네트 베닝', '메그 틸리 ', '페어루자 볼크', '시안 필립스', '제프리 존스', '헨리 토마스']	['밀로스 포먼']	136	['웨이브', '티빙', '왓챠', 'seezn']
제너레이션_킬_GenerationKill.jpg	제너레이션 킬(Generation Kill)	2008	TV	15세이상관람가	['드라마', '전쟁']	['미국', '영국']	[]	[]	68	['웨이브']
드래곤볼__1기_DRAGONBALLZ.jpg	드래곤볼 Z 1기(DRAGONBALL Z)	1989	TV	15세이상관람가	['애니메이션']	['일본']	[]	['니시오 다이스케']		['웨이브', '왓챠', '라프텔']
더그의_특별한_임무_DugsSpecialMission.jpg	더그의 특별한 임무(Dug's Special Mission)	2009	movie	전체관람가	['코미디', '애니메이션']	['미국']	[]	['로널드 델 카멘']	5	['디즈니+']
명탐정_코난_12기_.jpg	명탐정 코난 12기()	2012	TV	15세이상관람가	['애니메이션']	['일본']	[]	['코다마 켄지', '사토 마사토', '오치 코진', '야마모토 야스이치로', '카마나카 노부하루']		['티빙 (더빙)', '라프텔 (더빙)', '라프텔', '라프텔']
북극의_나누크_NanookOfTheNorth.jpg	북극의 나누크(Nanook Of The North)	1922	movie		['다큐멘터리']	['미국', '프랑스', '미정']	[]	['로버트 J. 플레허티']	79	['웨이브', '왓챠']
키시베_로한은_움직이지_않는다_ThusSpokeKishibeRohan.jpg	키시베 로한은 움직이지 않는다(Thus Spoke Kishibe Rohan)	2021	TV	청소년관람불가	['애니메이션']	['일본']	['사쿠라이 타카히로', '타네자키 아츠미', '마지마 준지', '나카하라 마이', '미즈하시 카오리', '우치야마 코우키']	['카토 토시유키']		['넷플릭스']
오늘_우리_2_TodayTogether2.jpg	오늘, 우리 2(Today, Together 2)	2020	movie	12세이상관람가	['드라마']	['한국']	['기주봉', '박세준', '신지이', '손정윤']	['양재준', '이나연', '이준섭', '여장천']	97	['왓챠']
출사표_Intothering.jpg	출사표(Into the ring)	2020	TV	15세이상관람가	['드라마']	['한국']	['임진아', '박성훈', '유다인', '한준우', '안내상', '서진원']	['황승기', '최연수']		['웨이브', '왓챠']
플란다스의_개_ADogofFlanders.jpg	플란다스의 개(A Dog of Flanders)	1975	TV	전체관람가	['애니메이션']	['일본']	[]	['쿠로다 요시오']		['티빙', '왓챠', '라프텔']
더_레이디_TheLady.jpg	더 레이디(The Lady)	2011	movie	15세이상관람가	['드라마']	['영국', '프랑스']	['양자경', '데이빗 듈리스', '베네딕 웡 ', '윌리엄 홉', '조나단 우드하우스 ', '사하작 본다나킷 ']	['뤽 베송']	132	['티빙', '왓챠']
해피_투게더_3_.jpg	해피 투게더 3()	2007	TV	15세이상관람가	['예능']	['한국']	['유재석']	[]		['웨이브']
아가씨_TheHandmaiden.jpg	아가씨(The Handmaiden)	2016	movie	청소년관람불가	['드라마', '스릴러']	['한국']	['김민희', '김태리', '조진웅', '하정우', '김해숙', '이용녀', '이동휘']	['박찬욱']	144	['넷플릭스', '티빙', '티빙', '왓챠', '쿠팡플레이']
밀정_TheAgeofShadows.jpg	밀정(The Age of Shadows)	2016	movie	15세이상관람가	['액션']	['한국']	['송강호', '공유', '한지민', '엄태구', '신성록', '허성태', '이설구']	['김지운']	140	['웨이브', '티빙', '왓챠', '쿠팡플레이']
공작_TheSpyGoneNorth.jpg	공작(The Spy Gone North)	2018	movie	12세이상관람가	['드라마']	['한국']	['황정민', '이성민', '조진웅', '주지훈', '김홍파', '정소리', '기주봉']	['윤종빈']	137	['넷플릭스', '티빙', '왓챠', '쿠팡플레이']
웰컴_투_동막골_WelcomeToDongmakgol.jpg	웰컴 투 동막골(Welcome To Dongmakgol)	2005	movie	12세이상관람가	['드라마', '전쟁']	['한국']	['정재영', '신하균', '강혜정', '임하룡', '홍예인', '서재경', '류덕환']	['박광현']	133	['넷플릭스', '웨이브', '티빙', '왓챠', '쿠팡플레이', 'seezn']
8월의_크리스마스_ChristmasinAugust.jpg	8월의 크리스마스(Christmas in August)	1998	movie	15세이상관람가	['드라마', '멜로/로맨스']	['한국']	['한석규', '심은하', '신구', '오지혜', '이한위', '전미선']	['허진호']	97	['넷플릭스', '웨이브', '쿠팡플레이']
아이_캔_스피크_ICanSpeak.jpg	아이 캔 스피크(I Can Speak)	2017	movie	12세이상관람가	['드라마', '코미디']	['한국']	['나문희', '이제훈', '박철민', '염혜란', '이상희', '이지훈', '정연주']	['김현석']	119	['넷플릭스', '웨이브', '티빙', '왓챠', '쿠팡플레이']
스파이_Spy.jpg	스파이(Spy)	2015	movie	15세이상관람가	['코미디', '액션']	['미국']	['멜리사 맥카시 ', '주드 로 ', '제이슨 스타뎀 ', '로즈 번 ', '앨리슨 제니', '피터 세라피노윅 ', '미란다 하트 ']	['폴 페이그']	122	['넷플릭스', '디즈니+']
맨_인_블랙_MenInBlack.jpg	맨 인 블랙(Men In Black)	1997	movie	12세이상관람가	['코미디', '액션', 'SF']	['미국']	['토미 리 존스', '윌 스미스 ', '린다 피오렌티노', '빈센트 도노프리오 ', '립 톤', '토니 샬호브']	['베리 소넨필드']	97	['넷플릭스', '웨이브', '왓챠', '쿠팡플레이', 'seezn']
부당거래_TheUnjust.jpg	부당거래(The Unjust)	2010	movie	청소년관람불가	['드라마', '범죄']	['한국']	['황정민', '류승범', '유해진', '천호진', '마동석', '우정국', '조영진']	['류승완']	119	['넷플릭스', '티빙', '왓챠', '쿠팡플레이']
슈렉_Shrek.jpg	슈렉(Shrek)	2001	movie	전체관람가	['코미디', '어드벤처(모험)', '애니메이션']	['미국']	['마이크 마이어스 ', '에디 머피 ', '카메론 디아즈 ', '존 리스고', '뱅상 카셀', '피터 데니스']	['비키 젠슨', '앤드류 아담슨']	90	['넷플릭스', '웨이브']
주먹왕_랄프_WreckItRalph.jpg	주먹왕 랄프(Wreck-It Ralph)	2012	movie	전체관람가	['코미디', '가족', '애니메이션']	['미국']	['존 C.라일리', '사라 실버맨', '잭 맥브레이어', '제인 린치', '민디 캘링', '알란 터딕', '스테파니 스콧']	['리치 무어']	108	['디즈니+']
늑대아이_WolfChildren.jpg	늑대아이(Wolf Children)	2012	movie	전체관람가	['드라마', '멜로/로맨스', '어드벤처(모험)', '가족', '판타지', '애니메이션']	['일본']	['미야자키 아오이 ', '오오사와 타카오', '쿠로키 하루', '니시이 유키토', '오노 모모카', '소메타니 쇼타', '타니무라 미츠키']	['호소다 마모루']	117	['웨이브 (가치봄)', '웨이브', '티빙 (자막)', '티빙 (더빙)', '왓챠', '쿠팡플레이', '라프텔 (더빙)', '라프텔 (자막)']
조디악_Zodiac.jpg	조디악(Zodiac)	2007	movie	15세이상관람가	['드라마', '스릴러', '범죄']	['미국']	['제이크 질렌할', '마크 러팔로', '로버트 다우니 주니어', '안소니 에드워즈', '브라이언 콕스 ', '찰스 플레셔', '자크 그레니어']	['데이빗 핀처']	157	['넷플릭스', '왓챠']
원티드_Wanted.jpg	원티드(Wanted)	2008	movie	청소년관람불가	['액션', '스릴러', '범죄']	['미국']	['제임스 맥어보이 ', '안젤리나 졸리', '모건 프리먼', '테렌스 스탬프', '토마스 크레취만', '커먼 ', '크리스튼 헤거']	['티무르 베크맘베토브']	110	['넷플릭스', '웨이브', '왓챠']
스쿨_오브_락_SchoolOfRock.jpg	스쿨 오브 락(School Of Rock)	2003	movie	12세이상관람가	['코미디', '음악']	['영국']	['잭 블랙 ', '조안 쿠삭', '재클린 네이든탈 ', '마이크 화이트', '사라 실버맨', '아담 파스칼', '미란다 코스그로브']	['리처드 링클레이터']	109	['넷플릭스', '티빙', '왓챠', '아마존 프라임 비디오']
뮬란_Mulan.jpg	뮬란(Mulan)	1998	movie	전체관람가	['코미디', '어드벤처(모험)', '가족', '애니메이션', '뮤지컬']	['미국']	['밍나 웬', '레아 살롱가', 'B.D. 웡', '도니 오즈몬드', '게드 와타나베', '매튜 와일더']	['베리 쿡', '토니 밴크로프트']	88	['디즈니+']
브루스_올마이티_BruceAlmighty.jpg	브루스 올마이티(Bruce Almighty)	2003	movie	12세이상관람가	['코미디', '판타지']	['미국']	['짐 캐리', '모건 프리먼', '제니퍼 애니스톤', '필립 베이커 홀', '캐서린 벨', '리사 앤 월터', '스티브 카렐']	['톰 새디악']	100	['디즈니+']
헝거게임_캣칭_파이어_TheHungerGamesCatchingFire.jpg	헝거게임: 캣칭 파이어(The Hunger Games: Catching Fire)	2013	movie	15세이상관람가	['액션', '판타지']	['미국']	['제니퍼 로렌스', '조쉬 허처슨', '리암 헴스워스', '우디 해럴슨 ', '샘 클라플린 ', '필립 세이모어 호프만 ', '토비 존스 ']	['프란시스 로렌스']	146	['넷플릭스', '웨이브', '티빙', '왓챠', '쿠팡플레이', 'seezn']
응답하라_1994_Reply1994.jpg	응답하라 1994(Reply 1994)	2013	TV	15세이상관람가	['드라마']	['한국']	['고아라', '성동일', '이일화', '정우', '유연석', '김성균', '손호준']	['신원호']		['티빙']
아이_로봇_IRobot.jpg	아이, 로봇(I, Robot)	2004	movie	12세이상관람가	['액션', '스릴러', '어드벤처(모험)', 'SF']	['미국']	['윌 스미스 ', '브리짓 모이나한', '브루스 그린우드', '제임스 크롬웰', '치 맥브라이드', '샤이아 라보프 ', '알란 터딕']	['알렉스 프로야스']	110	['넷플릭스', '디즈니+']
응답하라_1997_.jpg	응답하라 1997()	2012	TV	15세이상관람가	['드라마', '멜로/로맨스']	['한국']	['정은지', '서인국', '신소율', '은지원', '이호원', '이시언']	['신원호', '박성재']		['티빙']
노예_12년_12YearsaSlave.jpg	노예 12년(12 Years a Slave)	2013	movie	15세이상관람가	['드라마']	['미국', '영국']	['치웨텔 에지오포 ', '마이클 패스벤더 ', '베네딕트 컴버배치 ', '브래드 피트 ', '루피타 뇽 ', '사라 폴슨', '폴 다노']	['스티브 맥퀸']	134	['넷플릭스']
캐스트_어웨이_CastAway.jpg	캐스트 어웨이(Cast Away)	2000	movie	12세이상관람가	['드라마', '어드벤처(모험)']	['미국']	['톰 행크스', '헬렌 헌트', '닉 서시', '제니퍼 루이스', '제프리 블레이크']	['로버트 저메키스']	143	['넷플릭스', '티빙', '왓챠', '아마존 프라임 비디오']
아이덴티티_Identity.jpg	아이덴티티(Identity)	2003	movie	15세이상관람가	['드라마', '스릴러']	['미국']	['존 쿠삭 ', '레이 리오타', '아만다 피트', '존 호키스', '알프리드 몰리나', '클리어 듀발 ', '존 C. 맥긴리']	['제임스 맨골드']	90	['웨이브', '왓챠', '쿠팡플레이', 'seezn']
쿵푸_허슬_KungFuHustle.jpg	쿵푸 허슬(Kung Fu Hustle)	2004	movie	15세이상관람가	['코미디']	['중국']	['주성치', '원화', '원추', '동지화', '조지릉', '석행우', '양소룡']	['주성치']	99	['넷플릭스']
오_나의_귀신님_OhMyGhost.jpg	오 나의 귀신님(Oh My Ghost)	2015	TV	15세이상관람가	['드라마']	['한국']	['박보영', '조정석', '임주환', '김슬기', '박정아', '이대연', '이정은']	['유제원']		['티빙']
카메라를_멈추면_안_돼_OneCutoftheDead.jpg	카메라를 멈추면 안 돼!(One Cut of the Dead)	2017	movie	12세이상관람가	['코미디', '공포(호러)']	['일본']	['하마츠 다카유키', '아키야마 유즈키', '나가야 카즈아키', '슈하마 하루미', '마오']	['우에다 신이치로']	95	['넷플릭스', '티빙', 'seezn']
아메리칸_뷰티_AmericanBeauty.jpg	아메리칸 뷰티(American Beauty)	1999	movie	청소년관람불가	['드라마', '코미디']	['미국']	['케빈 스페이시', '앨리슨 제니', '아네트 베닝', '도라 버치', '웨스 벤틀리', '미나 수바리', '피터 갤러거']	['샘 멘데스']	122	['왓챠']
오만과_편견_PridePrejudice.jpg	오만과 편견(Pride & Prejudice)	2005	movie	12세이상관람가	['드라마', '멜로/로맨스']	['미국']	['키이라 나이틀리', '매튜 맥퍼딘', '브렌다 블레신', '도날드 서덜랜드', '톰 홀랜더 ', '로자먼드 파이크', '지나 말론']	['조 라이트']	128	['넷플릭스', '웨이브', '왓챠']
클로버필드_10번지_10CloverfieldLane.jpg	클로버필드 10번지(10 Cloverfield Lane)	2016	movie	15세이상관람가	['스릴러', '미스터리']	['미국']	['메리 엘리자베스 윈스티드', '존 굿맨 ', '존 갤러거 주니어', '더글러스 M. 그리핀 ', '수잔 크라이어 ']	['댄 트라첸버그']	103	['넷플릭스', '아마존 프라임 비디오']
브로크백_마운틴_BrokebackMountain.jpg	브로크백 마운틴(Brokeback Mountain)	2005	movie	15세이상관람가	['드라마', '멜로/로맨스']	['미국', '캐나다']	['제이크 질렌할', '히스 레저 ', '미셸 윌리엄스', '앤 해서웨이', '랜디 퀘이드 ', '린다 카델리니', '케이트 마라']	['이안']	134	['넷플릭스']
허트_로커_TheHurtLocker.jpg	허트 로커(The Hurt Locker)	2008	movie	15세이상관람가	['드라마', '액션', '스릴러', '전쟁']	['미국']	['제레미 레너', '안소니 마키 ', '브라이언 게라그티', '크리스찬 카마고', '가이 피어스', '랄프 파인즈', '데이빗 모스 ']	['캐스린 비글로우']	130	['왓챠']
28일_후_28DaysLater.jpg	28일 후(28 Days Later...)	2002	movie	청소년관람불가	['스릴러', '공포(호러)']	['미국', '영국', '프랑스']	['킬리언 머피 ', '나오미 해리스 ', '크리스토퍼 에클리스턴 ', '메건 번즈 ', '브렌단 글리슨 ', '크리스토퍼 던 ', '엠마 히칭 ']	['대니 보일']	113	['디즈니+']
또오해영_AnotherMissOh.jpg	또!오해영(Another Miss Oh)	2016	TV	15세이상관람가	['드라마', '코미디']	['한국']	['문정혁', '서현진', '전혜빈', '이재윤', '김지석', '예지원']	['송현욱']		['넷플릭스', '티빙', '티빙']
우리들_TheWorldofUs.jpg	우리들(The World of Us)	2016	movie	전체관람가	['드라마']	['한국']	['최수인', '강민준', '설혜인', '이서연', '김채연', '김희준', '장혜진']	['윤가은']	94	['티빙', '티빙', '왓챠', '쿠팡플레이']
굿_플레이스_시즌_1_TheGoodPlace.jpg	굿 플레이스 시즌 1(The Good Place)	2016	TV	청소년관람불가	['드라마', '코미디', '판타지']	['미국']	['크리스틴 벨', '테드 댄슨', '윌리엄 잭슨 하퍼', '자밀라 자밀']	['마이클 슈어']		['넷플릭스']
뷰티풀_마인드_ABeautifulMind.jpg	뷰티풀 마인드(A Beautiful Mind)	2001	movie	12세이상관람가	['드라마']	['미국']	['러셀 크로우', '에드 해리스', '제니퍼 코넬리', '폴 베타니', '아담 골드버그', '주드 허쉬', '조쉬 루카스']	['론 하워드']	134	['넷플릭스', '왓챠', '아마존 프라임 비디오']
제로_다크_서티_ZeroDarkThirty.jpg	제로 다크 서티(Zero Dark Thirty)	2012	movie	15세이상관람가	['액션', '스릴러', '전쟁']	['미국']	['제시카 차스테인', '제이슨 클락 ', '조엘 에저튼', '크리스 프랫 ', '제니퍼 엘', '에드가 라미레즈', '마크 스트롱']	['캐스린 비글로우']	157	['넷플릭스', '왓챠']
싸이코_Psycho.jpg	싸이코(Psycho)	1960	movie	청소년관람불가	['스릴러', '미스터리', '공포(호러)']	['미국']	['안소니 퍼킨스', '베라 마일즈 ', '존 게빈', '마틴 발삼 ', '존 맥킨타이어', '시몬 오클랜드', '본 테일러']	['알프레드 히치콕']	109	['웨이브', '왓챠']
첫_키스만_50번째_50FirstDates.jpg	첫 키스만 50번째(50 First Dates)	2004	movie	15세이상관람가	['코미디', '멜로/로맨스']	['미국']	['아담 샌들러', '드류 베리모어', '롭 슈나이더', '루시아 스트러스', '숀 애스틴 ', '블레이크 클락', '에이미 힐']	['피터 시걸']	99	['넷플릭스', 'seezn']
벅스_라이프_ABugsLife.jpg	벅스 라이프(A Bug's Life)	1998	movie	전체관람가	['코미디', '어드벤처(모험)', '가족', '판타지', '애니메이션']	['미국']	['데이브 폴리', '줄리아 루이스 드레이퍼스', '조 랜트', '데니스 리어리', '데이빗 하이드 피어스', '보니 헌트', '브래드 거렛']	['존 라세터']	96	['디즈니+']
눈이_부시게_.jpg	눈이 부시게()	2019	TV	15세이상관람가	['멜로/로맨스']	['한국']	['김혜자', '한지민', '남주혁', '손호준', '안내상', '이정은', '김희원']	['김석윤']		['넷플릭스', '티빙', '디즈니+', 'seezn']
어톤먼트_Atonement.jpg	어톤먼트(Atonement)	2007	movie	15세이상관람가	['드라마', '멜로/로맨스', '전쟁']	['미국']	['키이라 나이틀리', '제임스 맥어보이 ', '시얼샤 로넌 ', '로몰라 가레이', '브렌다 블레신', '줄리아 웨스트', '해리엇 월터']	['조 라이트']	122	['웨이브', '왓챠']
로스트_인_더스트_HellorHighWater.jpg	로스트 인 더스트(Hell or High Water)	2016	movie	15세이상관람가	['드라마', '범죄']	['미국']	['크리스 파인', '벤 포스터 ', '제프 브리지스 ', '케이티 믹슨 ', '데일 딕키', '케빈 랜킨', '멜라니 페퍼리아']	['데이빗 맥킨지']	103	['넷플릭스', '티빙', '왓챠']
아무도_모른다_NobodyKnows.jpg	아무도 모른다(Nobody Knows)	2004	movie	전체관람가	['드라마']	['일본']	['야기라 유야', '키타우라 아유', '키무라 히에이', '시미즈 모모코', '칸 하나에', '유', '쿠시다 카즈미']	['고레에다 히로카즈']	140	['넷플릭스', '웨이브', '티빙', '왓챠', '쿠팡플레이']
공공의_적_PublicEnemy.jpg	공공의 적(Public Enemy)	2002	movie	청소년관람불가	['액션']	['한국']	['설경구', '이성재', '강신일', '김정학', '도용구', '안내상', '이문식']	['강우석']	135	['넷플릭스', '티빙']
마다가스카_Madagascar.jpg	마다가스카(Madagascar)	2005	movie	전체관람가	['코미디', '어드벤처(모험)', '가족', '애니메이션']	['미국']	['벤 스틸러 ', '크리스 록', '데이빗 쉼머', '제이다 핀켓 스미스 ', '사챠 바론 코헨 ', '세드릭 더 엔터테이너']	['톰 맥그라스', '에릭 다넬']	86	['넷플릭스', '웨이브']
127_시간_127Hours.jpg	127 시간(127 Hours)	2010	movie	15세이상관람가	['드라마']	['미국', '영국']	['제임스 프랭코 ', '케이트 마라', '앰버 탐블린', '숀 보트', '콜맨 스팅거', '존 로렌스', '베일리 미쉘 존슨']	['대니 보일']	94	['디즈니+']
대니쉬_걸_TheDanishGirl.jpg	대니쉬 걸(The Danish Girl)	2015	movie	청소년관람불가	['드라마']	['미국', '영국']	['에디 레드메인 ', '알리시아 비칸데르', '엠버 허드', '벤 위쇼', '마티아스 쇼에나에츠', '에머랄드 펜넬', '세바스티안 코치']	['톰 후퍼']	120	['넷플릭스', '웨이브', '왓챠']
에너미_앳_더_게이트_EnemyAtTheGates.jpg	에너미 앳 더 게이트(Enemy At The Gates)	2001	movie	15세이상관람가	['드라마', '액션', '스릴러', '전쟁']	['미국']	['조셉 파인즈', '주드 로 ', '레이첼 와이즈', '밥 호스킨스', '에드 해리스']	['장 자크 아노']	130	['티빙', '왓챠', '아마존 프라임 비디오']
낭만닥터_김사부_2_DoctorRomantic2.jpg	낭만닥터 김사부 2(Doctor Romantic 2)	2020	TV	15세이상관람가	['드라마']	['한국']	['한석규', '안효섭', '이성경', '김주헌', '신동욱', '소주연']	['유인식', '이길복']		['웨이브', '왓챠', '쿠팡플레이']
